id,name,author,comments,num_comments,created,score,upvote_ratio
dfdqf8,t3_dfdqf8,omegalulit,<praw.models.comment_forest.CommentForest object at 0x000001FFE0F36F60>,1948,1570635495.0,136401,0.96
cw0jht,t3_cw0jht,EvilTeliportist,<praw.models.comment_forest.CommentForest object at 0x000001FFE1064A90>,1625,1566916292.0,102314,0.89
dxnd32,t3_dxnd32,Cumzilla-420,<praw.models.comment_forest.CommentForest object at 0x000001FFE11B8978>,1779,1574030751.0,101347,0.94
djb7kr,t3_djb7kr,Vitnage,<praw.models.comment_forest.CommentForest object at 0x000001FFE12C4EB8>,1513,1571368852.0,100215,0.94
dpybxb,t3_dpybxb,exinopis,<praw.models.comment_forest.CommentForest object at 0x000001FFE13B4860>,693,1572604784.0,93401,0.93
di04on,t3_di04on,Little_Lightbulb,<praw.models.comment_forest.CommentForest object at 0x000001FFE15104E0>,1733,1571129556.0,91798,0.96
dy1ob8,t3_dy1ob8,Slaygua,<praw.models.comment_forest.CommentForest object at 0x000001FFE1607E10>,1481,1574103210.0,86718,0.93
dbqunq,t3_dbqunq,lebbe,<praw.models.comment_forest.CommentForest object at 0x000001FFE16852E8>,7969,1569951061.0,85877,0.95
dg0f3u,t3_dg0f3u,Charlie_Yu,<praw.models.comment_forest.CommentForest object at 0x000001FFE17A4E48>,1266,1570753319.0,81773,0.96
dxizp8,t3_dxizp8,mrbomb27,<praw.models.comment_forest.CommentForest object at 0x000001FFE19F0F60>,1344,1573999652.0,81079,0.92
dv5b3q,t3_dv5b3q,kenchan68,<praw.models.comment_forest.CommentForest object at 0x000001FFE1A589B0>,4820,1573564280.0,76930,0.94
dujohq,t3_dujohq,ishidayamato,<praw.models.comment_forest.CommentForest object at 0x000001FFE1ACF1D0>,4235,1573458748.0,73084,0.94
dkg8ks,t3_dkg8ks,Jerk_Alex,<praw.models.comment_forest.CommentForest object at 0x000001FFE2DA0588>,661,1571583506.0,70622,0.95
e4lpky,t3_e4lpky,tonychan04,<praw.models.comment_forest.CommentForest object at 0x000001FFE2F59E80>,1345,1575255254.0,69519,0.95
di5hjy,t3_di5hjy,Clxrk,<praw.models.comment_forest.CommentForest object at 0x000001FFE3082668>,1495,1571161238.0,69276,0.93
cxwx4m,t3_cxwx4m,awesomemrpig,<praw.models.comment_forest.CommentForest object at 0x000001FFE30F4DD8>,2083,1567294734.0,67913,0.97
cy64mn,t3_cy64mn,ivan_422,<praw.models.comment_forest.CommentForest object at 0x000001FFE31E5518>,1687,1567344199.0,67049,0.96
dio9kx,t3_dio9kx,Ordinary_HK_User,<praw.models.comment_forest.CommentForest object at 0x000001FFE344BBE0>,1495,1571255868.0,65912,0.94
df5txl,t3_df5txl,FloL00L,<praw.models.comment_forest.CommentForest object at 0x000001FFE3522D30>,634,1570595796.0,65247,0.94
dy5pai,t3_dy5pai,HIGHNRG00,<praw.models.comment_forest.CommentForest object at 0x000001FFE361E4A8>,574,1574124433.0,65118,0.94
